HR,timestamp,subject
60.0,0.0,S5
63.45,10.0,S5
65.43,20.0,S5
66.52,30.0,S5
67.49,40.0,S5
67.29,50.0,S5
66.97,60.0,S5
67.58,70.0,S5
67.6,80.0,S5
67.87,90.0,S5
67.68,100.0,S5
68.47,110.0,S5
71.38,120.0,S5
71.85,130.0,S5
71.12,140.0,S5
70.2,150.0,S5
71.72,160.0,S5
73.32,170.0,S5
72.5,180.0,S5
72.9,190.0,S5
76.35,200.0,S5
81.08,210.0,S5
84.15,220.0,S5
83.63,230.0,S5
82.3,240.0,S5
79.9,250.0,S5
75.87,260.0,S5
70.73,270.0,S5
66.42,280.0,S5
65.53,290.0,S5
66.0,300.0,S5
67.53,310.0,S5
69.72,320.0,S5
71.53,330.0,S5
71.02,340.0,S5
73.97,350.0,S5
76.28,360.0,S5
79.88,370.0,S5
80.28,380.0,S5
81.1,390.0,S5
85.02,400.0,S5
84.83,410.0,S5
86.03,420.0,S5
85.05,430.0,S5
86.07,440.0,S5
87.52,450.0,S5
87.7,460.0,S5
89.13,470.0,S5
90.2,480.0,S5
96.17,490.0,S5
106.0,500.0,S5
111.93,510.0,S5
110.57,520.0,S5
105.8,530.0,S5
103.43,540.0,S5
98.22,550.0,S5
85.75,560.0,S5
76.78,570.0,S5
73.9,580.0,S5
73.37,590.0,S5
70.55,600.0,S5
67.95,610.0,S5
68.82,620.0,S5
69.3,630.0,S5
70.97,640.0,S5
71.75,650.0,S5
72.5,660.0,S5
72.37,670.0,S5
72.87,680.0,S5
73.48,690.0,S5
74.98,700.0,S5
76.28,710.0,S5
76.82,720.0,S5
74.45,730.0,S5
71.27,740.0,S5
71.83,750.0,S5
69.33,760.0,S5
67.43,770.0,S5
68.13,780.0,S5
71.3,790.0,S5
74.97,800.0,S5
77.25,810.0,S5
82.42,820.0,S5
88.08,830.0,S5
92.5,840.0,S5
97.28,850.0,S5
101.52,860.0,S5
101.07,870.0,S5
97.07,880.0,S5
93.33,890.0,S5
89.15,900.0,S5
86.02,910.0,S5
80.25,920.0,S5
74.8,930.0,S5
74.32,940.0,S5
73.95,950.0,S5
73.13,960.0,S5
70.33,970.0,S5
70.37,980.0,S5
70.35,990.0,S5
68.6,1000.0,S5
64.85,1010.0,S5
64.03,1020.0,S5
64.75,1030.0,S5
65.5,1040.0,S5
67.12,1050.0,S5
66.85,1060.0,S5
68.92,1070.0,S5
69.03,1080.0,S5
67.55,1090.0,S5
66.15,1100.0,S5
65.82,1110.0,S5
66.25,1120.0,S5
66.58,1130.0,S5
65.6,1140.0,S5
65.95,1150.0,S5
66.45,1160.0,S5
66.47,1170.0,S5
66.0,1180.0,S5
66.0,1190.0,S5
67.37,1200.0,S5
68.25,1210.0,S5
69.43,1220.0,S5
70.85,1230.0,S5
72.68,1240.0,S5
74.25,1250.0,S5
76.12,1260.0,S5
77.43,1270.0,S5
77.77,1280.0,S5
78.52,1290.0,S5
78.18,1300.0,S5
76.25,1310.0,S5
73.62,1320.0,S5
72.72,1330.0,S5
72.9,1340.0,S5
72.8,1350.0,S5
73.78,1360.0,S5
74.83,1370.0,S5
74.05,1380.0,S5
71.75,1390.0,S5
69.07,1400.0,S5
65.08,1410.0,S5
62.13,1420.0,S5
61.55,1430.0,S5
62.23,1440.0,S5
64.0,1450.0,S5
65.25,1460.0,S5
71.05,1470.0,S5
76.85,1480.0,S5
80.97,1490.0,S5
82.18,1500.0,S5
84.17,1510.0,S5
87.2,1520.0,S5
87.62,1530.0,S5
85.08,1540.0,S5
83.35,1550.0,S5
83.72,1560.0,S5
81.23,1570.0,S5
81.68,1580.0,S5
81.9,1590.0,S5
83.53,1600.0,S5
82.05,1610.0,S5
81.72,1620.0,S5
82.53,1630.0,S5
77.93,1640.0,S5
71.62,1650.0,S5
66.63,1660.0,S5
64.77,1670.0,S5
62.37,1680.0,S5
61.37,1690.0,S5
61.93,1700.0,S5
62.8,1710.0,S5
63.17,1720.0,S5
63.1,1730.0,S5
62.95,1740.0,S5
62.2,1750.0,S5
61.57,1760.0,S5
61.58,1770.0,S5
61.17,1780.0,S5
60.6,1790.0,S5
61.45,1800.0,S5
61.95,1810.0,S5
61.63,1820.0,S5
61.03,1830.0,S5
60.8,1840.0,S5
62.85,1850.0,S5
62.3,1860.0,S5
61.27,1870.0,S5
60.45,1880.0,S5
60.28,1890.0,S5
60.28,1900.0,S5
58.72,1910.0,S5
59.55,1920.0,S5
59.37,1930.0,S5
60.22,1940.0,S5
62.2,1950.0,S5
63.65,1960.0,S5
63.32,1970.0,S5
61.38,1980.0,S5
62.1,1990.0,S5
62.53,2000.0,S5
61.7,2010.0,S5
61.22,2020.0,S5
61.48,2030.0,S5
61.92,2040.0,S5
61.68,2050.0,S5
62.17,2060.0,S5
62.0,2070.0,S5
60.7,2080.0,S5
60.13,2090.0,S5
60.57,2100.0,S5
60.57,2110.0,S5
59.78,2120.0,S5
59.6,2130.0,S5
59.98,2140.0,S5
60.05,2150.0,S5
59.6,2160.0,S5
59.55,2170.0,S5
59.85,2180.0,S5
59.93,2190.0,S5
61.68,2200.0,S5
63.02,2210.0,S5
63.53,2220.0,S5
64.78,2230.0,S5
64.82,2240.0,S5
65.5,2250.0,S5
64.52,2260.0,S5
63.25,2270.0,S5
62.6,2280.0,S5
60.43,2290.0,S5
59.28,2300.0,S5
58.88,2310.0,S5
58.63,2320.0,S5
61.05,2330.0,S5
64.13,2340.0,S5
66.9,2350.0,S5
68.6,2360.0,S5
68.97,2370.0,S5
70.07,2380.0,S5
68.55,2390.0,S5
66.4,2400.0,S5
64.63,2410.0,S5
65.03,2420.0,S5
64.08,2430.0,S5
64.1,2440.0,S5
65.33,2450.0,S5
65.8,2460.0,S5
67.93,2470.0,S5
68.87,2480.0,S5
69.98,2490.0,S5
69.03,2500.0,S5
67.42,2510.0,S5
66.65,2520.0,S5
64.55,2530.0,S5
62.57,2540.0,S5
61.93,2550.0,S5
61.88,2560.0,S5
62.15,2570.0,S5
62.82,2580.0,S5
63.8,2590.0,S5
64.33,2600.0,S5
64.25,2610.0,S5
64.25,2620.0,S5
65.63,2630.0,S5
65.13,2640.0,S5
63.88,2650.0,S5
62.52,2660.0,S5
62.43,2670.0,S5
62.62,2680.0,S5
61.82,2690.0,S5
62.25,2700.0,S5
62.0,2710.0,S5
62.83,2720.0,S5
63.2,2730.0,S5
67.88,2740.0,S5
75.22,2750.0,S5
83.18,2760.0,S5
87.9,2770.0,S5
89.07,2780.0,S5
90.12,2790.0,S5
86.4,2800.0,S5
79.37,2810.0,S5
71.38,2820.0,S5
68.23,2830.0,S5
68.42,2840.0,S5
68.38,2850.0,S5
68.1,2860.0,S5
68.83,2870.0,S5
69.75,2880.0,S5
69.05,2890.0,S5
67.68,2900.0,S5
66.97,2910.0,S5
66.35,2920.0,S5
64.83,2930.0,S5
63.5,2940.0,S5
63.42,2950.0,S5
63.15,2960.0,S5
62.72,2970.0,S5
62.97,2980.0,S5
62.95,2990.0,S5
63.18,3000.0,S5
63.15,3010.0,S5
64.33,3020.0,S5
64.97,3030.0,S5
65.23,3040.0,S5
65.67,3050.0,S5
66.12,3060.0,S5
66.75,3070.0,S5
67.55,3080.0,S5
68.35,3090.0,S5
69.47,3100.0,S5
70.83,3110.0,S5
72.22,3120.0,S5
73.7,3130.0,S5
72.83,3140.0,S5
71.85,3150.0,S5
70.6,3160.0,S5
68.82,3170.0,S5
66.52,3180.0,S5
63.65,3190.0,S5
65.47,3200.0,S5
66.67,3210.0,S5
67.75,3220.0,S5
69.68,3230.0,S5
71.73,3240.0,S5
73.43,3250.0,S5
71.95,3260.0,S5
70.48,3270.0,S5
69.95,3280.0,S5
68.42,3290.0,S5
67.23,3300.0,S5
66.48,3310.0,S5
65.92,3320.0,S5
66.5,3330.0,S5
66.1,3340.0,S5
66.6,3350.0,S5
67.28,3360.0,S5
68.07,3370.0,S5
67.4,3380.0,S5
66.28,3390.0,S5
66.17,3400.0,S5
64.77,3410.0,S5
61.95,3420.0,S5
61.48,3430.0,S5
63.97,3440.0,S5
64.92,3450.0,S5
64.63,3460.0,S5
66.45,3470.0,S5
68.73,3480.0,S5
68.85,3490.0,S5
66.7,3500.0,S5
67.87,3510.0,S5
69.65,3520.0,S5
68.8,3530.0,S5
69.17,3540.0,S5
70.58,3550.0,S5
72.22,3560.0,S5
72.18,3570.0,S5
72.8,3580.0,S5
76.27,3590.0,S5
79.3,3600.0,S5
80.15,3610.0,S5
81.5,3620.0,S5
82.83,3630.0,S5
81.35,3640.0,S5
78.08,3650.0,S5
75.38,3660.0,S5
74.57,3670.0,S5
71.87,3680.0,S5
70.12,3690.0,S5
70.35,3700.0,S5
70.05,3710.0,S5
66.93,3720.0,S5
65.48,3730.0,S5
66.87,3740.0,S5
69.07,3750.0,S5
70.88,3760.0,S5
71.15,3770.0,S5
74.1,3780.0,S5
74.08,3790.0,S5
72.35,3800.0,S5
68.87,3810.0,S5
65.78,3820.0,S5
64.73,3830.0,S5
63.25,3840.0,S5
63.28,3850.0,S5
63.85,3860.0,S5
63.12,3870.0,S5
61.87,3880.0,S5
62.58,3890.0,S5
63.77,3900.0,S5
64.37,3910.0,S5
65.27,3920.0,S5
66.32,3930.0,S5
69.17,3940.0,S5
69.82,3950.0,S5
69.32,3960.0,S5
67.75,3970.0,S5
66.05,3980.0,S5
66.67,3990.0,S5
65.07,4000.0,S5
64.03,4010.0,S5
63.88,4020.0,S5
65.4,4030.0,S5
66.37,4040.0,S5
66.73,4050.0,S5
67.23,4060.0,S5
67.08,4070.0,S5
66.68,4080.0,S5
65.73,4090.0,S5
65.37,4100.0,S5
64.28,4110.0,S5
63.65,4120.0,S5
63.8,4130.0,S5
63.77,4140.0,S5
63.77,4150.0,S5
63.27,4160.0,S5
63.83,4170.0,S5
63.6,4180.0,S5
63.4,4190.0,S5
63.57,4200.0,S5
63.48,4210.0,S5
63.87,4220.0,S5
64.5,4230.0,S5
64.63,4240.0,S5
64.45,4250.0,S5
63.95,4260.0,S5
65.05,4270.0,S5
64.77,4280.0,S5
65.02,4290.0,S5
66.37,4300.0,S5
67.33,4310.0,S5
67.85,4320.0,S5
66.75,4330.0,S5
67.3,4340.0,S5
67.75,4350.0,S5
71.77,4360.0,S5
77.8,4370.0,S5
83.32,4380.0,S5
88.58,4390.0,S5
92.58,4400.0,S5
92.92,4410.0,S5
89.65,4420.0,S5
83.33,4430.0,S5
78.37,4440.0,S5
73.55,4450.0,S5
70.78,4460.0,S5
70.02,4470.0,S5
72.73,4480.0,S5
75.38,4490.0,S5
77.83,4500.0,S5
78.05,4510.0,S5
76.77,4520.0,S5
77.68,4530.0,S5
75.43,4540.0,S5
73.63,4550.0,S5
79.1,4560.0,S5
86.52,4570.0,S5
92.42,4580.0,S5
93.32,4590.0,S5
94.37,4600.0,S5
96.17,4610.0,S5
90.5,4620.0,S5
83.7,4630.0,S5
79.8,4640.0,S5
79.45,4650.0,S5
78.17,4660.0,S5
76.87,4670.0,S5
73.15,4680.0,S5
71.1,4690.0,S5
71.13,4700.0,S5
72.08,4710.0,S5
73.47,4720.0,S5
74.43,4730.0,S5
79.98,4740.0,S5
84.93,4750.0,S5
86.35,4760.0,S5
84.27,4770.0,S5
82.03,4780.0,S5
81.68,4790.0,S5
81.32,4800.0,S5
83.18,4810.0,S5
86.23,4820.0,S5
92.63,4830.0,S5
99.65,4840.0,S5
107.08,4850.0,S5
109.72,4860.0,S5
111.42,4870.0,S5
114.08,4880.0,S5
115.33,4890.0,S5
117.42,4900.0,S5
121.43,4910.0,S5
123.87,4920.0,S5
123.7,4930.0,S5
120.72,4940.0,S5
117.62,4950.0,S5
112.88,4960.0,S5
104.78,4970.0,S5
100.08,4980.0,S5
97.08,4990.0,S5
95.1,5000.0,S5
93.75,5010.0,S5
94.72,5020.0,S5
96.7,5030.0,S5
99.97,5040.0,S5
103.32,5050.0,S5
106.37,5060.0,S5
109.77,5070.0,S5
112.67,5080.0,S5
113.95,5090.0,S5
113.23,5100.0,S5
111.4,5110.0,S5
106.92,5120.0,S5
101.38,5130.0,S5
93.98,5140.0,S5
86.67,5150.0,S5
82.35,5160.0,S5
80.2,5170.0,S5
80.35,5180.0,S5
82.27,5190.0,S5
85.95,5200.0,S5
90.05,5210.0,S5
91.43,5220.0,S5
89.33,5230.0,S5
86.82,5240.0,S5
82.23,5250.0,S5
75.5,5260.0,S5
72.85,5270.0,S5
72.87,5280.0,S5
74.05,5290.0,S5
75.65,5300.0,S5
78.78,5310.0,S5
82.83,5320.0,S5
83.13,5330.0,S5
83.27,5340.0,S5
84.68,5350.0,S5
85.07,5360.0,S5
83.8,5370.0,S5
83.52,5380.0,S5
84.03,5390.0,S5
84.27,5400.0,S5
86.13,5410.0,S5
90.72,5420.0,S5
95.03,5430.0,S5
98.02,5440.0,S5
99.07,5450.0,S5
99.33,5460.0,S5
97.1,5470.0,S5
91.2,5480.0,S5
86.23,5490.0,S5
81.92,5500.0,S5
76.23,5510.0,S5
73.1,5520.0,S5
73.03,5530.0,S5
75.52,5540.0,S5
76.48,5550.0,S5
76.9,5560.0,S5
79.1,5570.0,S5
78.17,5580.0,S5
74.52,5590.0,S5
71.45,5600.0,S5
69.78,5610.0,S5
67.28,5620.0,S5
65.98,5630.0,S5
66.62,5640.0,S5
68.37,5650.0,S5
67.53,5660.0,S5
66.15,5670.0,S5
65.82,5680.0,S5
66.9,5690.0,S5
68.82,5700.0,S5
72.33,5710.0,S5
78.72,5720.0,S5
86.88,5730.0,S5
96.95,5740.0,S5
103.82,5750.0,S5
107.32,5760.0,S5
108.8,5770.0,S5
109.07,5780.0,S5
110.73,5790.0,S5
112.13,5800.0,S5
115.3,5810.0,S5
119.5,5820.0,S5
122.97,5830.0,S5
125.4,5840.0,S5
121.35,5850.0,S5
114.53,5860.0,S5
108.18,5870.0,S5
102.08,5880.0,S5
95.78,5890.0,S5
88.92,5900.0,S5
86.58,5910.0,S5
88.07,5920.0,S5
88.35,5930.0,S5
89.17,5940.0,S5
90.1,5950.0,S5
87.72,5960.0,S5
87.23,5970.0,S5
86.72,5980.0,S5
82.45,5990.0,S5
78.17,6000.0,S5
75.78,6010.0,S5
77.8,6020.0,S5
75.92,6030.0,S5
75.33,6040.0,S5
80.78,6050.0,S5
89.55,6060.0,S5
98.42,6070.0,S5
108.12,6080.0,S5
118.07,6090.0,S5
121.52,6100.0,S5
122.63,6110.0,S5
120.28,6120.0,S5
119.57,6130.0,S5
119.55,6140.0,S5
123.05,6150.0,S5
128.17,6160.0,S5
127.5,6170.0,S5
127.15,6180.0,S5
121.67,6190.0,S5
116.17,6200.0,S5
112.63,6210.0,S5
109.83,6220.0,S5
111.57,6230.0,S5
103.58,6240.0,S5
97.67,6250.0,S5
90.7,6260.0,S5
83.05,6270.0,S5
73.32,6280.0,S5
64.55,6290.0,S5
64.42,6300.0,S5
64.22,6310.0,S5
65.28,6320.0,S5
62.98,6330.0,S5
64.3,6340.0,S5
64.62,6350.0,S5
65.42,6360.0,S5
66.42,6370.0,S5
68.4,6380.0,S5
70.15,6390.0,S5
68.68,6400.0,S5
68.42,6410.0,S5
67.95,6420.0,S5
67.6,6430.0,S5
65.05,6440.0,S5
64.83,6450.0,S5
65.17,6460.0,S5
64.32,6470.0,S5
65.52,6480.0,S5
66.68,6490.0,S5
67.95,6500.0,S5
66.93,6510.0,S5
67.57,6520.0,S5
68.53,6530.0,S5
68.1,6540.0,S5
67.47,6550.0,S5
66.72,6560.0,S5
66.88,6570.0,S5
68.42,6580.0,S5
71.6,6590.0,S5
75.07,6600.0,S5
79.93,6610.0,S5
85.33,6620.0,S5
90.95,6630.0,S5
94.68,6640.0,S5
98.67,6650.0,S5
100.33,6660.0,S5
98.3,6670.0,S5
95.05,6680.0,S5
91.17,6690.0,S5
87.47,6700.0,S5
82.25,6710.0,S5
79.03,6720.0,S5
77.12,6730.0,S5
76.13,6740.0,S5
73.33,6750.0,S5
71.73,6760.0,S5
69.97,6770.0,S5
68.32,6780.0,S5
67.92,6790.0,S5
67.27,6800.0,S5
68.95,6810.0,S5
69.02,6820.0,S5
69.87,6830.0,S5
68.78,6840.0,S5
67.4,6850.0,S5
66.67,6860.0,S5
65.85,6870.0,S5
65.43,6880.0,S5
64.6,6890.0,S5
64.87,6900.0,S5
65.45,6910.0,S5
66.1,6920.0,S5
65.87,6930.0,S5
64.85,6940.0,S5
65.1,6950.0,S5
65.07,6960.0,S5
64.3,6970.0,S5
63.32,6980.0,S5
63.33,6990.0,S5
63.9,7000.0,S5
63.57,7010.0,S5
63.23,7020.0,S5
63.6,7030.0,S5
64.07,7040.0,S5
63.37,7050.0,S5
62.63,7060.0,S5
62.55,7070.0,S5
62.67,7080.0,S5
62.0,7090.0,S5
62.22,7100.0,S5
64.18,7110.0,S5
65.38,7120.0,S5
66.03,7130.0,S5
68.47,7140.0,S5
74.38,7150.0,S5
77.65,7160.0,S5
79.95,7170.0,S5
83.75,7180.0,S5
88.53,7190.0,S5
90.12,7200.0,S5
87.97,7210.0,S5
89.7,7220.0,S5
90.65,7230.0,S5
92.08,7240.0,S5
89.75,7250.0,S5
87.33,7260.0,S5
87.12,7270.0,S5
86.78,7280.0,S5
86.2,7290.0,S5
85.18,7300.0,S5
87.42,7310.0,S5
90.22,7320.0,S5
91.55,7330.0,S5
90.85,7340.0,S5
89.87,7350.0,S5
88.2,7360.0,S5
86.05,7370.0,S5
86.08,7380.0,S5
86.25,7390.0,S5
85.1,7400.0,S5
84.9,7410.0,S5
82.67,7420.0,S5
80.07,7430.0,S5
75.77,7440.0,S5
73.03,7450.0,S5
71.95,7460.0,S5
70.45,7470.0,S5
71.7,7480.0,S5
74.03,7490.0,S5
76.5,7500.0,S5
76.05,7510.0,S5
77.38,7520.0,S5
78.55,7530.0,S5
78.17,7540.0,S5
88.6,9.0,S4
84.25,19.0,S4
81.73,29.0,S4
79.85,39.0,S4
78.4,49.0,S4
76.42,59.0,S4
72.43,69.0,S4
70.28,79.0,S4
69.02,89.0,S4
68.85,99.0,S4
68.47,109.0,S4
69.65,119.0,S4
71.0,129.0,S4
71.75,139.0,S4
72.33,149.0,S4
70.63,159.0,S4
71.22,169.0,S4
70.88,179.0,S4
70.42,189.0,S4
70.87,199.0,S4
71.2,209.0,S4
72.85,219.0,S4
72.47,229.0,S4
72.2,239.0,S4
72.27,249.0,S4
70.87,259.0,S4
69.47,269.0,S4
68.53,279.0,S4
68.48,289.0,S4
68.83,299.0,S4
67.32,309.0,S4
67.57,319.0,S4
69.35,329.0,S4
70.07,339.0,S4
69.62,349.0,S4
69.37,359.0,S4
71.35,369.0,S4
71.92,379.0,S4
71.4,389.0,S4
71.92,399.0,S4
73.52,409.0,S4
74.27,419.0,S4
74.02,429.0,S4
72.9,439.0,S4
71.07,449.0,S4
68.85,459.0,S4
68.72,469.0,S4
68.78,479.0,S4
68.43,489.0,S4
69.4,499.0,S4
70.67,509.0,S4
71.83,519.0,S4
69.78,529.0,S4
67.77,539.0,S4
68.25,549.0,S4
67.7,559.0,S4
67.33,569.0,S4
68.13,579.0,S4
68.85,589.0,S4
69.37,599.0,S4
68.63,609.0,S4
69.25,619.0,S4
70.05,629.0,S4
70.07,639.0,S4
71.2,649.0,S4
72.63,659.0,S4
74.12,669.0,S4
74.62,679.0,S4
74.73,689.0,S4
75.37,699.0,S4
75.07,709.0,S4
74.28,719.0,S4
73.43,729.0,S4
72.95,739.0,S4
71.8,749.0,S4
70.58,759.0,S4
70.22,769.0,S4
70.35,779.0,S4
69.95,789.0,S4
70.67,799.0,S4
71.83,809.0,S4
72.35,819.0,S4
73.05,829.0,S4
73.2,839.0,S4
74.05,849.0,S4
73.53,859.0,S4
73.33,869.0,S4
72.47,879.0,S4
70.75,889.0,S4
69.78,899.0,S4
70.23,909.0,S4
70.55,919.0,S4
70.5,929.0,S4
71.3,939.0,S4
71.82,949.0,S4
72.13,959.0,S4
71.7,969.0,S4
70.48,979.0,S4
69.55,989.0,S4
69.2,999.0,S4
69.97,1009.0,S4
69.75,1019.0,S4
68.35,1029.0,S4
68.15,1039.0,S4
67.08,1049.0,S4
65.78,1059.0,S4
63.5,1069.0,S4
63.15,1079.0,S4
63.3,1089.0,S4
64.52,1099.0,S4
67.63,1109.0,S4
69.22,1119.0,S4
71.77,1129.0,S4
72.85,1139.0,S4
72.75,1149.0,S4
71.52,1159.0,S4
69.07,1169.0,S4
68.85,1179.0,S4
67.92,1189.0,S4
68.13,1199.0,S4
69.57,1209.0,S4
71.18,1219.0,S4
71.88,1229.0,S4
72.02,1239.0,S4
72.53,1249.0,S4
72.47,1259.0,S4
71.67,1269.0,S4
71.0,1279.0,S4
71.77,1289.0,S4
71.98,1299.0,S4
72.32,1309.0,S4
72.42,1319.0,S4
72.75,1329.0,S4
73.23,1339.0,S4
74.33,1349.0,S4
74.47,1359.0,S4
73.42,1369.0,S4
72.53,1379.0,S4
72.35,1389.0,S4
71.5,1399.0,S4
69.97,1409.0,S4
69.52,1419.0,S4
70.3,1429.0,S4
70.27,1439.0,S4
70.02,1449.0,S4
70.0,1459.0,S4
69.4,1469.0,S4
69.17,1479.0,S4
68.5,1489.0,S4
67.87,1499.0,S4
67.25,1509.0,S4
67.43,1519.0,S4
68.0,1529.0,S4
67.22,1539.0,S4
66.65,1549.0,S4
66.72,1559.0,S4
65.9,1569.0,S4
64.05,1579.0,S4
62.97,1589.0,S4
63.02,1599.0,S4
62.83,1609.0,S4
62.8,1619.0,S4
63.27,1629.0,S4
63.78,1639.0,S4
64.48,1649.0,S4
64.57,1659.0,S4
64.8,1669.0,S4
65.05,1679.0,S4
65.68,1689.0,S4
66.38,1699.0,S4
65.53,1709.0,S4
64.73,1719.0,S4
65.32,1729.0,S4
65.43,1739.0,S4
65.52,1749.0,S4
67.77,1759.0,S4
69.65,1769.0,S4
71.47,1779.0,S4
71.55,1789.0,S4
72.77,1799.0,S4
72.38,1809.0,S4
70.6,1819.0,S4
69.95,1829.0,S4
68.2,1839.0,S4
66.07,1849.0,S4
64.33,1859.0,S4
63.57,1869.0,S4
62.08,1879.0,S4
60.9,1889.0,S4
60.78,1899.0,S4
61.08,1909.0,S4
60.35,1919.0,S4
60.0,1929.0,S4
60.12,1939.0,S4
59.5,1949.0,S4
59.17,1959.0,S4
58.9,1969.0,S4
58.92,1979.0,S4
58.8,1989.0,S4
58.67,1999.0,S4
58.38,2009.0,S4
58.68,2019.0,S4
59.55,2029.0,S4
59.72,2039.0,S4
59.85,2049.0,S4
59.72,2059.0,S4
59.43,2069.0,S4
59.17,2079.0,S4
58.42,2089.0,S4
58.1,2099.0,S4
57.83,2109.0,S4
57.9,2119.0,S4
58.8,2129.0,S4
59.65,2139.0,S4
61.42,2149.0,S4
63.23,2159.0,S4
64.48,2169.0,S4
64.95,2179.0,S4
64.78,2189.0,S4
63.82,2199.0,S4
62.57,2209.0,S4
60.73,2219.0,S4
59.33,2229.0,S4
57.95,2239.0,S4
56.97,2249.0,S4
56.48,2259.0,S4
55.92,2269.0,S4
56.38,2279.0,S4
57.2,2289.0,S4
58.02,2299.0,S4
58.35,2309.0,S4
58.7,2319.0,S4
58.77,2329.0,S4
60.03,2339.0,S4
62.78,2349.0,S4
65.1,2359.0,S4
66.93,2369.0,S4
67.1,2379.0,S4
66.72,2389.0,S4
64.63,2399.0,S4
60.68,2409.0,S4
57.55,2419.0,S4
55.87,2429.0,S4
55.78,2439.0,S4
56.18,2449.0,S4
56.5,2459.0,S4
57.07,2469.0,S4
57.67,2479.0,S4
57.97,2489.0,S4
57.55,2499.0,S4
57.17,2509.0,S4
57.13,2519.0,S4
57.47,2529.0,S4
58.15,2539.0,S4
57.83,2549.0,S4
57.9,2559.0,S4
57.83,2569.0,S4
57.82,2579.0,S4
57.43,2589.0,S4
56.3,2599.0,S4
55.52,2609.0,S4
55.25,2619.0,S4
55.23,2629.0,S4
55.17,2639.0,S4
55.03,2649.0,S4
56.05,2659.0,S4
58.72,2669.0,S4
61.58,2679.0,S4
63.33,2689.0,S4
65.62,2699.0,S4
69.93,2709.0,S4
73.42,2719.0,S4
77.58,2729.0,S4
77.58,2739.0,S4
77.15,2749.0,S4
75.4,2759.0,S4
71.37,2769.0,S4
67.33,2779.0,S4
61.72,2789.0,S4
59.72,2799.0,S4
58.63,2809.0,S4
57.58,2819.0,S4
57.23,2829.0,S4
57.33,2839.0,S4
57.03,2849.0,S4
57.0,2859.0,S4
57.1,2869.0,S4
57.87,2879.0,S4
58.1,2889.0,S4
58.58,2899.0,S4
58.85,2909.0,S4
58.78,2919.0,S4
59.3,2929.0,S4
60.5,2939.0,S4
63.45,2949.0,S4
66.25,2959.0,S4
67.15,2969.0,S4
67.23,2979.0,S4
67.05,2989.0,S4
65.82,2999.0,S4
62.87,3009.0,S4
60.65,3019.0,S4
61.62,3029.0,S4
64.17,3039.0,S4
67.93,3049.0,S4
71.72,3059.0,S4
72.9,3069.0,S4
71.2,3079.0,S4
68.43,3089.0,S4
65.48,3099.0,S4
61.08,3109.0,S4
57.57,3119.0,S4
56.67,3129.0,S4
57.18,3139.0,S4
58.08,3149.0,S4
59.2,3159.0,S4
60.3,3169.0,S4
60.35,3179.0,S4
60.35,3189.0,S4
60.85,3199.0,S4
61.0,3209.0,S4
60.55,3219.0,S4
59.92,3229.0,S4
59.73,3239.0,S4
59.6,3249.0,S4
60.87,3259.0,S4
63.15,3269.0,S4
64.28,3279.0,S4
64.27,3289.0,S4
65.0,3299.0,S4
65.42,3309.0,S4
63.78,3319.0,S4
61.47,3329.0,S4
60.82,3339.0,S4
60.52,3349.0,S4
59.38,3359.0,S4
59.45,3369.0,S4
60.37,3379.0,S4
61.75,3389.0,S4
62.45,3399.0,S4
64.85,3409.0,S4
66.28,3419.0,S4
65.98,3429.0,S4
65.02,3439.0,S4
63.65,3449.0,S4
62.58,3459.0,S4
61.03,3469.0,S4
61.58,3479.0,S4
62.42,3489.0,S4
63.4,3499.0,S4
63.28,3509.0,S4
63.08,3519.0,S4
62.7,3529.0,S4
61.25,3539.0,S4
60.77,3549.0,S4
60.22,3559.0,S4
60.28,3569.0,S4
60.42,3579.0,S4
60.82,3589.0,S4
61.9,3599.0,S4
62.17,3609.0,S4
62.15,3619.0,S4
61.97,3629.0,S4
62.15,3639.0,S4
62.47,3649.0,S4
62.03,3659.0,S4
62.52,3669.0,S4
62.37,3679.0,S4
61.52,3689.0,S4
61.18,3699.0,S4
63.58,3709.0,S4
71.23,3719.0,S4
78.15,3729.0,S4
80.18,3739.0,S4
84.63,3749.0,S4
86.92,3759.0,S4
84.22,3769.0,S4
76.92,3779.0,S4
69.28,3789.0,S4
70.78,3799.0,S4
70.27,3809.0,S4
69.68,3819.0,S4
69.72,3829.0,S4
70.3,3839.0,S4
71.72,3849.0,S4
70.72,3859.0,S4
69.28,3869.0,S4
69.9,3879.0,S4
71.38,3889.0,S4
72.07,3899.0,S4
72.13,3909.0,S4
71.53,3919.0,S4
70.77,3929.0,S4
69.55,3939.0,S4
68.75,3949.0,S4
67.45,3959.0,S4
66.28,3969.0,S4
65.33,3979.0,S4
67.37,3989.0,S4
69.23,3999.0,S4
68.47,4009.0,S4
68.32,4019.0,S4
68.38,4029.0,S4
67.62,4039.0,S4
64.68,4049.0,S4
61.35,4059.0,S4
60.52,4069.0,S4
60.28,4079.0,S4
61.82,4089.0,S4
62.98,4099.0,S4
63.2,4109.0,S4
63.37,4119.0,S4
64.88,4129.0,S4
67.35,4139.0,S4
67.38,4149.0,S4
67.43,4159.0,S4
67.27,4169.0,S4
66.7,4179.0,S4
64.97,4189.0,S4
61.62,4199.0,S4
59.32,4209.0,S4
58.1,4219.0,S4
58.38,4229.0,S4
59.8,4239.0,S4
61.2,4249.0,S4
61.63,4259.0,S4
61.72,4269.0,S4
62.02,4279.0,S4
62.9,4289.0,S4
63.57,4299.0,S4
63.33,4309.0,S4
63.63,4319.0,S4
63.85,4329.0,S4
63.17,4339.0,S4
62.12,4349.0,S4
62.0,4359.0,S4
63.25,4369.0,S4
63.38,4379.0,S4
63.45,4389.0,S4
63.72,4399.0,S4
65.93,4409.0,S4
64.73,4419.0,S4
63.52,4429.0,S4
62.25,4439.0,S4
61.03,4449.0,S4
61.47,4459.0,S4
59.6,4469.0,S4
59.3,4479.0,S4
58.83,4489.0,S4
59.67,4499.0,S4
59.95,4509.0,S4
59.52,4519.0,S4
59.13,4529.0,S4
59.5,4539.0,S4
58.65,4549.0,S4
58.38,4559.0,S4
59.68,4569.0,S4
58.7,4579.0,S4
57.5,4589.0,S4
56.25,4599.0,S4
56.65,4609.0,S4
57.1,4619.0,S4
55.28,4629.0,S4
55.88,4639.0,S4
57.03,4649.0,S4
59.47,4659.0,S4
61.55,4669.0,S4
61.97,4679.0,S4
66.93,4689.0,S4
70.15,4699.0,S4
73.22,4709.0,S4
75.53,4719.0,S4
76.82,4729.0,S4
77.58,4739.0,S4
76.15,4749.0,S4
76.5,4759.0,S4
77.87,4769.0,S4
80.27,4779.0,S4
83.85,4789.0,S4
85.93,4799.0,S4
85.65,4809.0,S4
84.97,4819.0,S4
84.48,4829.0,S4
82.03,4839.0,S4
78.33,4849.0,S4
77.78,4859.0,S4
78.97,4869.0,S4
78.03,4879.0,S4
75.05,4889.0,S4
71.43,4899.0,S4
69.27,4909.0,S4
65.72,4919.0,S4
63.32,4929.0,S4
61.77,4939.0,S4
59.95,4949.0,S4
58.65,4959.0,S4
61.1,4969.0,S4
64.7,4979.0,S4
65.28,4989.0,S4
67.17,4999.0,S4
70.12,5009.0,S4
72.53,5019.0,S4
70.75,5029.0,S4
70.03,5039.0,S4
71.23,5049.0,S4
72.73,5059.0,S4
75.03,5069.0,S4
76.87,5079.0,S4
80.02,5089.0,S4
81.98,5099.0,S4
85.83,5109.0,S4
89.6,5119.0,S4
90.53,5129.0,S4
90.98,5139.0,S4
89.82,5149.0,S4
88.08,5159.0,S4
83.7,5169.0,S4
78.23,5179.0,S4
73.23,5189.0,S4
69.08,5199.0,S4
66.07,5209.0,S4
62.92,5219.0,S4
62.42,5229.0,S4
63.22,5239.0,S4
66.08,5249.0,S4
68.77,5259.0,S4
71.1,5269.0,S4
75.3,5279.0,S4
76.33,5289.0,S4
75.82,5299.0,S4
73.3,5309.0,S4
70.18,5319.0,S4
66.95,5329.0,S4
66.0,5339.0,S4
66.73,5349.0,S4
66.55,5359.0,S4
66.72,5369.0,S4
69.28,5379.0,S4
76.13,5389.0,S4
78.88,5399.0,S4
79.53,5409.0,S4
81.25,5419.0,S4
84.35,5429.0,S4
86.27,5439.0,S4
82.75,5449.0,S4
80.1,5459.0,S4
79.87,5469.0,S4
80.45,5479.0,S4
79.55,5489.0,S4
79.07,5499.0,S4
79.85,5509.0,S4
81.5,5519.0,S4
80.35,5529.0,S4
79.63,5539.0,S4
80.12,5549.0,S4
81.38,5559.0,S4
82.28,5569.0,S4
81.6,5579.0,S4
82.3,5589.0,S4
81.75,5599.0,S4
82.0,5609.0,S4
81.75,5619.0,S4
80.5,5629.0,S4
80.1,5639.0,S4
80.48,5649.0,S4
81.4,5659.0,S4
82.03,5669.0,S4
82.02,5679.0,S4
81.63,5689.0,S4
80.77,5699.0,S4
76.67,5709.0,S4
74.62,5719.0,S4
72.23,5729.0,S4
69.83,5739.0,S4
69.3,5749.0,S4
71.3,5759.0,S4
73.48,5769.0,S4
73.6,5779.0,S4
72.68,5789.0,S4
71.22,5799.0,S4
68.73,5809.0,S4
64.55,5819.0,S4
63.13,5829.0,S4
61.7,5839.0,S4
60.17,5849.0,S4
59.6,5859.0,S4
60.13,5869.0,S4
61.0,5879.0,S4
64.93,5889.0,S4
64.07,5899.0,S4
63.15,5909.0,S4
63.03,5919.0,S4
65.37,5929.0,S4
68.82,5939.0,S4
68.78,5949.0,S4
72.78,5959.0,S4
76.52,5969.0,S4
79.92,5979.0,S4
79.63,5989.0,S4
77.58,5999.0,S4
75.62,6009.0,S4
73.85,6019.0,S4
72.75,6029.0,S4
70.88,6039.0,S4
68.8,6049.0,S4
66.03,6059.0,S4
63.2,6069.0,S4
60.8,6079.0,S4
59.47,6089.0,S4
58.15,6099.0,S4
57.6,6109.0,S4
57.17,6119.0,S4
56.52,6129.0,S4
56.13,6139.0,S4
55.95,6149.0,S4
55.57,6159.0,S4
54.92,6169.0,S4
55.18,6179.0,S4
56.73,6189.0,S4
57.33,6199.0,S4
59.13,6209.0,S4
63.08,6219.0,S4
67.7,6229.0,S4
72.97,6239.0,S4
76.98,6249.0,S4
81.85,6259.0,S4
83.95,6269.0,S4
83.98,6279.0,S4
83.5,6289.0,S4
84.15,6299.0,S4
87.0,6309.0,S4
84.47,6319.0,S4
80.45,6329.0,S4
76.65,6339.0,S4
72.7,6349.0,S4
66.47,6359.0,S4
58.67,6369.0,S4
56.88,6379.0,S4
56.65,6389.0,S4
56.73,6399.0,S4
57.0,6409.0,S4
57.08,6419.0,S4
57.4,6429.0,S4
57.2,6439.0,S4
57.13,6449.0,S4
57.18,6459.0,S4
56.63,6469.0,S4
56.13,6479.0,S4
55.03,6489.0,S4
54.98,6499.0,S4
56.02,6509.0,S4
56.73,6519.0,S4
57.77,6529.0,S4
58.02,6539.0,S4
58.27,6549.0,S4
59.07,6559.0,S4
62.83,6569.0,S4
64.18,6579.0,S4
64.18,6589.0,S4
64.1,6599.0,S4
63.93,6609.0,S4
62.87,6619.0,S4
60.2,6629.0,S4
59.3,6639.0,S4
58.62,6649.0,S4
59.35,6659.0,S4
60.5,6669.0,S4
60.43,6679.0,S4
58.25,6689.0,S4
56.77,6699.0,S4
56.57,6709.0,S4
57.52,6719.0,S4
60.45,6729.0,S4
61.18,6739.0,S4
61.42,6749.0,S4
61.52,6759.0,S4
62.05,6769.0,S4
61.55,6779.0,S4
57.9,6789.0,S4
56.95,6799.0,S4
57.03,6809.0,S4
57.47,6819.0,S4
57.1,6829.0,S4
56.23,6839.0,S4
56.33,6849.0,S4
56.6,6859.0,S4
57.57,6869.0,S4
59.85,6879.0,S4
63.18,6889.0,S4
65.65,6899.0,S4
66.52,6909.0,S4
67.87,6919.0,S4
67.65,6929.0,S4
65.62,6939.0,S4
64.52,6949.0,S4
62.83,6959.0,S4
61.7,6969.0,S4
60.97,6979.0,S4
61.5,6989.0,S4
61.57,6999.0,S4
59.67,7009.0,S4
58.42,7019.0,S4
58.8,7029.0,S4
58.88,7039.0,S4
60.32,7049.0,S4
61.63,7059.0,S4
65.3,7069.0,S4
67.17,7079.0,S4
69.4,7089.0,S4
71.47,7099.0,S4
71.15,7109.0,S4
72.78,7119.0,S4
72.23,7129.0,S4
75.32,7139.0,S4
76.72,7149.0,S4
77.28,7159.0,S4
77.58,7169.0,S4
75.03,7179.0,S4
72.42,7189.0,S4
68.92,7199.0,S4
65.58,7209.0,S4
62.53,7219.0,S4
59.78,7229.0,S4
59.23,7239.0,S4
59.28,7249.0,S4
60.23,7259.0,S4
61.75,7269.0,S4
62.37,7279.0,S4
63.55,7289.0,S4
64.15,7299.0,S4
67.77,7309.0,S4
70.7,7319.0,S4
69.98,7329.0,S4
70.58,7339.0,S4
70.92,7349.0,S4
70.57,7359.0,S4
66.72,7369.0,S4
62.13,7379.0,S4
60.95,7389.0,S4
59.58,7399.0,S4
58.52,7409.0,S4
58.53,7419.0,S4
58.77,7429.0,S4
59.05,7439.0,S4
59.67,7449.0,S4
59.92,7459.0,S4
59.87,7469.0,S4
59.85,7479.0,S4
59.93,7489.0,S4
59.73,7499.0,S4
59.47,7509.0,S4
59.97,7519.0,S4
60.87,7529.0,S4
62.73,7539.0,S4
64.08,7549.0,S4
65.38,7559.0,S4
65.0,7569.0,S4
64.33,7579.0,S4
63.23,7589.0,S4
60.63,7599.0,S4
59.13,7609.0,S4
58.45,7619.0,S4
57.8,7629.0,S4
57.15,7639.0,S4
58.87,7649.0,S4
62.9,7659.0,S4
64.07,7669.0,S4
64.2,7679.0,S4
66.8,7689.0,S4
69.3,7699.0,S4
69.85,7709.0,S4
66.45,7719.0,S4
65.23,7729.0,S4
64.03,7739.0,S4
63.53,7749.0,S4
63.72,7759.0,S4
63.92,7769.0,S4
66.35,7779.0,S4
69.1,7789.0,S4
70.75,7799.0,S4
69.78,7809.0,S4
67.12,7819.0,S4
64.95,7829.0,S4
63.8,7839.0,S4
67.72,7849.0,S4
71.7,7859.0,S4
75.22,7869.0,S4
78.98,7879.0,S4
80.95,7889.0,S4
85.82,7899.0,S4
89.82,7909.0,S4
97.27,7919.0,S4
104.98,7929.0,S4
114.42,7939.0,S4
126.63,7949.0,S4
125.03,7959.0,S4
119.17,7969.0,S4
109.98,7979.0,S4
101.98,7989.0,S4
84.0,9.0,S2
80.0,19.0,S2
79.87,29.0,S2
81.43,39.0,S2
83.9,49.0,S2
85.17,59.0,S2
86.17,69.0,S2
89.12,79.0,S2
92.93,89.0,S2
94.9,99.0,S2
94.25,109.0,S2
94.53,119.0,S2
93.85,129.0,S2
92.42,139.0,S2
88.67,149.0,S2
86.2,159.0,S2
84.97,169.0,S2
83.28,179.0,S2
82.93,189.0,S2
81.68,199.0,S2
80.78,209.0,S2
79.72,219.0,S2
78.78,229.0,S2
77.53,239.0,S2
76.2,249.0,S2
75.78,259.0,S2
75.83,269.0,S2
75.53,279.0,S2
74.97,289.0,S2
75.28,299.0,S2
75.17,309.0,S2
75.92,319.0,S2
76.47,329.0,S2
75.88,339.0,S2
76.1,349.0,S2
75.63,359.0,S2
75.72,369.0,S2
75.13,379.0,S2
74.7,389.0,S2
75.42,399.0,S2
75.4,409.0,S2
75.57,419.0,S2
76.47,429.0,S2
77.65,439.0,S2
77.8,449.0,S2
78.43,459.0,S2
79.28,469.0,S2
79.1,479.0,S2
78.4,489.0,S2
77.3,499.0,S2
76.9,509.0,S2
75.7,519.0,S2
75.28,529.0,S2
76.72,539.0,S2
77.75,549.0,S2
78.58,559.0,S2
80.0,569.0,S2
81.97,579.0,S2
81.73,589.0,S2
80.7,599.0,S2
79.48,609.0,S2
78.87,619.0,S2
77.47,629.0,S2
76.55,639.0,S2
76.38,649.0,S2
76.32,659.0,S2
76.7,669.0,S2
76.4,679.0,S2
77.58,689.0,S2
77.88,699.0,S2
78.45,709.0,S2
78.92,719.0,S2
78.88,729.0,S2
77.92,739.0,S2
76.88,749.0,S2
76.1,759.0,S2
75.5,769.0,S2
74.58,779.0,S2
73.85,789.0,S2
74.37,799.0,S2
75.0,809.0,S2
75.7,819.0,S2
76.33,829.0,S2
77.65,839.0,S2
77.4,849.0,S2
77.88,859.0,S2
76.02,869.0,S2
75.22,879.0,S2
74.03,889.0,S2
73.52,899.0,S2
74.23,909.0,S2
73.95,919.0,S2
74.78,929.0,S2
73.53,939.0,S2
72.0,949.0,S2
70.58,959.0,S2
70.97,969.0,S2
71.78,979.0,S2
72.67,989.0,S2
74.92,999.0,S2
81.63,1009.0,S2
86.3,1019.0,S2
89.43,1029.0,S2
92.28,1039.0,S2
94.1,1049.0,S2
96.53,1059.0,S2
96.4,1069.0,S2
94.73,1079.0,S2
92.45,1089.0,S2
90.0,1099.0,S2
87.72,1109.0,S2
84.63,1119.0,S2
79.67,1129.0,S2
76.6,1139.0,S2
74.58,1149.0,S2
73.48,1159.0,S2
74.0,1169.0,S2
72.92,1179.0,S2
72.57,1189.0,S2
74.05,1199.0,S2
77.28,1209.0,S2
79.28,1219.0,S2
80.5,1229.0,S2
82.03,1239.0,S2
83.35,1249.0,S2
83.42,1259.0,S2
83.02,1269.0,S2
83.53,1279.0,S2
83.73,1289.0,S2
83.77,1299.0,S2
83.27,1309.0,S2
81.28,1319.0,S2
79.9,1329.0,S2
76.85,1339.0,S2
73.55,1349.0,S2
72.63,1359.0,S2
72.3,1369.0,S2
72.35,1379.0,S2
70.18,1389.0,S2
70.95,1399.0,S2
73.88,1409.0,S2
75.25,1419.0,S2
77.75,1429.0,S2
81.72,1439.0,S2
83.57,1449.0,S2
83.6,1459.0,S2
81.0,1469.0,S2
79.95,1479.0,S2
78.2,1489.0,S2
76.1,1499.0,S2
77.25,1509.0,S2
79.02,1519.0,S2
83.38,1529.0,S2
86.45,1539.0,S2
88.6,1549.0,S2
88.3,1559.0,S2
86.62,1569.0,S2
83.32,1579.0,S2
79.08,1589.0,S2
75.55,1599.0,S2
72.98,1609.0,S2
73.0,1619.0,S2
73.63,1629.0,S2
75.2,1639.0,S2
76.17,1649.0,S2
76.35,1659.0,S2
76.1,1669.0,S2
75.62,1679.0,S2
75.47,1689.0,S2
74.75,1699.0,S2
75.3,1709.0,S2
76.4,1719.0,S2
76.53,1729.0,S2
76.53,1739.0,S2
75.55,1749.0,S2
75.77,1759.0,S2
74.38,1769.0,S2
72.75,1779.0,S2
72.7,1789.0,S2
73.17,1799.0,S2
74.57,1809.0,S2
75.0,1819.0,S2
75.08,1829.0,S2
74.62,1839.0,S2
73.83,1849.0,S2
75.38,1859.0,S2
77.52,1869.0,S2
80.72,1879.0,S2
86.12,1889.0,S2
93.2,1899.0,S2
99.98,1909.0,S2
99.52,1919.0,S2
98.68,1929.0,S2
98.53,1939.0,S2
96.17,1949.0,S2
88.75,1959.0,S2
82.67,1969.0,S2
80.4,1979.0,S2
77.37,1989.0,S2
73.75,1999.0,S2
71.05,2009.0,S2
74.63,2019.0,S2
77.48,2029.0,S2
77.68,2039.0,S2
77.95,2049.0,S2
77.83,2059.0,S2
77.37,2069.0,S2
75.03,2079.0,S2
72.07,2089.0,S2
72.18,2099.0,S2
72.35,2109.0,S2
72.32,2119.0,S2
72.7,2129.0,S2
73.93,2139.0,S2
77.13,2149.0,S2
81.6,2159.0,S2
84.88,2169.0,S2
89.97,2179.0,S2
100.2,2189.0,S2
110.15,2199.0,S2
118.52,2209.0,S2
121.42,2219.0,S2
121.72,2229.0,S2
116.55,2239.0,S2
104.8,2249.0,S2
92.03,2259.0,S2
79.37,2269.0,S2
71.55,2279.0,S2
67.68,2289.0,S2
67.75,2299.0,S2
69.28,2309.0,S2
70.35,2319.0,S2
72.4,2329.0,S2
72.83,2339.0,S2
73.02,2349.0,S2
73.62,2359.0,S2
73.27,2369.0,S2
73.0,2379.0,S2
71.52,2389.0,S2
71.13,2399.0,S2
70.87,2409.0,S2
69.88,2419.0,S2
70.1,2429.0,S2
70.73,2439.0,S2
70.85,2449.0,S2
70.68,2459.0,S2
69.53,2469.0,S2
68.88,2479.0,S2
69.02,2489.0,S2
68.48,2499.0,S2
68.18,2509.0,S2
67.95,2519.0,S2
68.87,2529.0,S2
69.07,2539.0,S2
68.15,2549.0,S2
67.93,2559.0,S2
68.92,2569.0,S2
69.35,2579.0,S2
69.35,2589.0,S2
69.42,2599.0,S2
69.5,2609.0,S2
69.85,2619.0,S2
69.68,2629.0,S2
69.12,2639.0,S2
69.02,2649.0,S2
69.37,2659.0,S2
69.8,2669.0,S2
69.95,2679.0,S2
69.17,2689.0,S2
69.42,2699.0,S2
69.35,2709.0,S2
69.07,2719.0,S2
68.87,2729.0,S2
68.42,2739.0,S2
68.78,2749.0,S2
69.77,2759.0,S2
70.52,2769.0,S2
70.83,2779.0,S2
70.67,2789.0,S2
70.62,2799.0,S2
70.4,2809.0,S2
70.02,2819.0,S2
70.03,2829.0,S2
70.3,2839.0,S2
70.08,2849.0,S2
69.55,2859.0,S2
69.13,2869.0,S2
69.38,2879.0,S2
69.6,2889.0,S2
70.8,2899.0,S2
72.32,2909.0,S2
73.38,2919.0,S2
74.2,2929.0,S2
74.0,2939.0,S2
74.58,2949.0,S2
74.95,2959.0,S2
75.73,2969.0,S2
76.87,2979.0,S2
77.7,2989.0,S2
77.77,2999.0,S2
77.7,3009.0,S2
77.65,3019.0,S2
76.45,3029.0,S2
74.77,3039.0,S2
73.1,3049.0,S2
73.13,3059.0,S2
73.78,3069.0,S2
74.35,3079.0,S2
77.17,3089.0,S2
77.92,3099.0,S2
79.12,3109.0,S2
78.97,3119.0,S2
77.23,3129.0,S2
73.75,3139.0,S2
69.82,3149.0,S2
68.75,3159.0,S2
68.05,3169.0,S2
67.95,3179.0,S2
67.95,3189.0,S2
69.75,3199.0,S2
71.07,3209.0,S2
71.42,3219.0,S2
71.85,3229.0,S2
71.85,3239.0,S2
71.87,3249.0,S2
72.0,3259.0,S2
71.32,3269.0,S2
70.73,3279.0,S2
70.4,3289.0,S2
70.63,3299.0,S2
70.58,3309.0,S2
69.17,3319.0,S2
68.72,3329.0,S2
69.15,3339.0,S2
69.22,3349.0,S2
68.8,3359.0,S2
68.85,3369.0,S2
70.68,3379.0,S2
71.45,3389.0,S2
71.67,3399.0,S2
70.77,3409.0,S2
70.78,3419.0,S2
69.9,3429.0,S2
67.38,3439.0,S2
66.07,3449.0,S2
65.58,3459.0,S2
66.45,3469.0,S2
67.0,3479.0,S2
68.83,3489.0,S2
70.4,3499.0,S2
70.37,3509.0,S2
70.1,3519.0,S2
70.6,3529.0,S2
71.28,3539.0,S2
70.55,3549.0,S2
70.63,3559.0,S2
72.42,3569.0,S2
74.25,3579.0,S2
73.45,3589.0,S2
71.67,3599.0,S2
71.77,3609.0,S2
72.1,3619.0,S2
71.78,3629.0,S2
70.55,3639.0,S2
70.8,3649.0,S2
71.75,3659.0,S2
71.78,3669.0,S2
69.58,3679.0,S2
68.43,3689.0,S2
70.02,3699.0,S2
71.15,3709.0,S2
71.45,3719.0,S2
72.52,3729.0,S2
76.08,3739.0,S2
78.5,3749.0,S2
78.8,3759.0,S2
79.38,3769.0,S2
81.47,3779.0,S2
82.6,3789.0,S2
81.68,3799.0,S2
80.37,3809.0,S2
80.53,3819.0,S2
79.87,3829.0,S2
78.12,3839.0,S2
77.22,3849.0,S2
77.53,3859.0,S2
77.58,3869.0,S2
75.47,3879.0,S2
73.87,3889.0,S2
72.8,3899.0,S2
71.83,3909.0,S2
69.92,3919.0,S2
69.3,3929.0,S2
69.88,3939.0,S2
70.95,3949.0,S2
72.07,3959.0,S2
71.63,3969.0,S2
72.07,3979.0,S2
72.0,3989.0,S2
72.85,3999.0,S2
74.62,4009.0,S2
76.03,4019.0,S2
77.85,4029.0,S2
80.9,4039.0,S2
83.78,4049.0,S2
85.32,4059.0,S2
84.88,4069.0,S2
84.85,4079.0,S2
84.67,4089.0,S2
80.02,4099.0,S2
75.45,4109.0,S2
70.87,4119.0,S2
67.32,4129.0,S2
63.88,4139.0,S2
61.13,4149.0,S2
61.32,4159.0,S2
60.68,4169.0,S2
59.2,4179.0,S2
58.53,4189.0,S2
58.5,4199.0,S2
58.45,4209.0,S2
59.52,4219.0,S2
61.2,4229.0,S2
62.85,4239.0,S2
62.42,4249.0,S2
60.6,4259.0,S2
58.62,4269.0,S2
56.38,4279.0,S2
54.93,4289.0,S2
54.63,4299.0,S2
54.98,4309.0,S2
55.2,4319.0,S2
56.7,4329.0,S2
57.92,4339.0,S2
59.02,4349.0,S2
60.33,4359.0,S2
62.83,4369.0,S2
64.75,4379.0,S2
64.18,4389.0,S2
64.15,4399.0,S2
65.52,4409.0,S2
65.17,4419.0,S2
63.38,4429.0,S2
62.68,4439.0,S2
64.67,4449.0,S2
65.73,4459.0,S2
65.63,4469.0,S2
67.9,4479.0,S2
72.63,4489.0,S2
76.25,4499.0,S2
78.3,4509.0,S2
81.62,4519.0,S2
84.15,4529.0,S2
84.47,4539.0,S2
81.13,4549.0,S2
79.23,4559.0,S2
76.97,4569.0,S2
73.87,4579.0,S2
71.0,4589.0,S2
69.73,4599.0,S2
70.72,4609.0,S2
70.93,4619.0,S2
71.97,4629.0,S2
72.25,4639.0,S2
71.98,4649.0,S2
71.47,4659.0,S2
70.48,4669.0,S2
70.78,4679.0,S2
70.98,4689.0,S2
71.07,4699.0,S2
71.37,4709.0,S2
72.48,4719.0,S2
73.33,4729.0,S2
72.43,4739.0,S2
71.37,4749.0,S2
71.65,4759.0,S2
72.22,4769.0,S2
72.48,4779.0,S2
73.9,4789.0,S2
74.13,4799.0,S2
74.88,4809.0,S2
74.13,4819.0,S2
73.93,4829.0,S2
72.68,4839.0,S2
70.53,4849.0,S2
70.15,4859.0,S2
69.32,4869.0,S2
69.57,4879.0,S2
71.22,4889.0,S2
73.4,4899.0,S2
80.9,4909.0,S2
90.92,4919.0,S2
103.47,4929.0,S2
116.48,4939.0,S2
125.42,4949.0,S2
131.08,4959.0,S2
134.38,4969.0,S2
130.5,4979.0,S2
122.15,4989.0,S2
114.35,4999.0,S2
110.98,5009.0,S2
111.62,5019.0,S2
107.05,5029.0,S2
104.85,5039.0,S2
105.7,5049.0,S2
108.57,5059.0,S2
110.43,5069.0,S2
114.22,5079.0,S2
118.88,5089.0,S2
124.0,5099.0,S2
125.97,5109.0,S2
118.8,5119.0,S2
109.77,5129.0,S2
97.95,5139.0,S2
87.45,5149.0,S2
79.82,5159.0,S2
73.62,5169.0,S2
74.5,5179.0,S2
74.48,5189.0,S2
74.97,5199.0,S2
74.78,5209.0,S2
71.97,5219.0,S2
71.25,5229.0,S2
68.38,5239.0,S2
66.53,5249.0,S2
64.25,5259.0,S2
62.97,5269.0,S2
63.72,5279.0,S2
63.1,5289.0,S2
63.27,5299.0,S2
63.63,5309.0,S2
66.22,5319.0,S2
67.25,5329.0,S2
67.82,5339.0,S2
67.55,5349.0,S2
67.82,5359.0,S2
69.02,5369.0,S2
67.08,5379.0,S2
68.15,5389.0,S2
70.3,5399.0,S2
71.93,5409.0,S2
73.95,5419.0,S2
74.9,5429.0,S2
76.48,5439.0,S2
76.32,5449.0,S2
76.58,5459.0,S2
77.03,5469.0,S2
76.65,5479.0,S2
75.9,5489.0,S2
75.4,5499.0,S2
74.93,5509.0,S2
73.42,5519.0,S2
72.25,5529.0,S2
71.9,5539.0,S2
71.83,5549.0,S2
75.35,5559.0,S2
77.82,5569.0,S2
77.6,5579.0,S2
78.3,5589.0,S2
79.65,5599.0,S2
81.58,5609.0,S2
80.52,5619.0,S2
81.33,5629.0,S2
86.2,5639.0,S2
86.95,5649.0,S2
84.0,5659.0,S2
81.17,5669.0,S2
78.15,5679.0,S2
74.23,5689.0,S2
68.12,5699.0,S2
65.5,5709.0,S2
65.57,5719.0,S2
65.97,5729.0,S2
65.1,5739.0,S2
64.83,5749.0,S2
65.83,5759.0,S2
66.42,5769.0,S2
66.58,5779.0,S2
66.47,5789.0,S2
66.88,5799.0,S2
66.75,5809.0,S2
65.97,5819.0,S2
66.17,5829.0,S2
67.02,5839.0,S2
67.1,5849.0,S2
66.78,5859.0,S2
66.25,5869.0,S2
66.45,5879.0,S2
66.62,5889.0,S2
66.47,5899.0,S2
66.12,5909.0,S2
67.13,5919.0,S2
69.1,5929.0,S2
70.78,5939.0,S2
71.25,5949.0,S2
71.65,5959.0,S2
73.17,5969.0,S2
73.68,5979.0,S2
73.52,5989.0,S2
72.58,5999.0,S2
71.95,6009.0,S2
71.38,6019.0,S2
70.47,6029.0,S2
69.72,6039.0,S2
68.77,6049.0,S2
69.87,6059.0,S2
70.93,6069.0,S2
70.93,6079.0,S2
71.17,6089.0,S2
70.6,6099.0,S2
70.67,6109.0,S2
69.47,6119.0,S2
69.0,6129.0,S2
71.9,6139.0,S2
73.7,6149.0,S2
77.6,6159.0,S2
81.62,6169.0,S2
82.42,6179.0,S2
81.32,6189.0,S2
78.07,6199.0,S2
75.65,6209.0,S2
72.25,6219.0,S2
69.17,6229.0,S2
67.98,6239.0,S2
67.35,6249.0,S2
66.97,6259.0,S2
68.2,6269.0,S2
69.93,6279.0,S2
70.82,6289.0,S2
72.27,6299.0,S2
77.23,6309.0,S2
81.25,6319.0,S2
81.82,6329.0,S2
80.35,6339.0,S2
77.48,6349.0,S2
75.18,6359.0,S2
70.77,6369.0,S2
66.87,6379.0,S2
65.33,6389.0,S2
64.58,6399.0,S2
65.47,6409.0,S2
66.0,6419.0,S2
66.85,6429.0,S2
68.08,6439.0,S2
68.58,6449.0,S2
69.2,6459.0,S2
69.05,6469.0,S2
68.75,6479.0,S2
67.83,6489.0,S2
66.28,6499.0,S2
65.02,6509.0,S2
64.58,6519.0,S2
65.4,6529.0,S2
65.6,6539.0,S2
65.65,6549.0,S2
66.85,6559.0,S2
68.88,6569.0,S2
69.7,6579.0,S2
68.58,6589.0,S2
67.77,6599.0,S2
67.38,6609.0,S2
67.03,6619.0,S2
65.68,6629.0,S2
64.93,6639.0,S2
65.5,6649.0,S2
65.35,6659.0,S2
65.83,6669.0,S2
66.8,6679.0,S2
68.2,6689.0,S2
70.6,6699.0,S2
73.37,6709.0,S2
76.2,6719.0,S2
77.03,6729.0,S2
76.17,6739.0,S2
76.52,6749.0,S2
76.55,6759.0,S2
75.4,6769.0,S2
75.42,6779.0,S2
76.3,6789.0,S2
79.13,6799.0,S2
81.9,6809.0,S2
85.6,6819.0,S2
89.0,6829.0,S2
89.8,6839.0,S2
89.72,6849.0,S2
87.95,6859.0,S2
85.17,6869.0,S2
80.93,6879.0,S2
76.85,6889.0,S2
74.23,6899.0,S2
71.85,6909.0,S2
69.48,6919.0,S2
66.87,6929.0,S2
64.55,6939.0,S2
62.77,6949.0,S2
62.67,6959.0,S2
64.28,6969.0,S2
65.25,6979.0,S2
65.48,6989.0,S2
67.6,6999.0,S2
71.62,7009.0,S2
76.9,7019.0,S2
83.35,7029.0,S2
88.43,7039.0,S2
89.8,7049.0,S2
88.68,7059.0,S2
87.35,7069.0,S2
82.18,7079.0,S2
75.33,7089.0,S2
71.22,7099.0,S2
70.27,7109.0,S2
69.23,7119.0,S2
66.45,7129.0,S2
66.22,7139.0,S2
65.87,7149.0,S2
65.17,7159.0,S2
65.87,7169.0,S2
67.02,7179.0,S2
68.37,7189.0,S2
68.85,7199.0,S2
69.83,7209.0,S2
70.68,7219.0,S2
70.05,7229.0,S2
69.48,7239.0,S2
69.27,7249.0,S2
69.13,7259.0,S2
68.12,7269.0,S2
66.78,7279.0,S2
66.52,7289.0,S2
66.25,7299.0,S2
65.23,7309.0,S2
64.55,7319.0,S2
64.03,7329.0,S2
63.5,7339.0,S2
63.32,7349.0,S2
62.55,7359.0,S2
62.73,7369.0,S2
63.45,7379.0,S2
64.1,7389.0,S2
64.12,7399.0,S2
64.57,7409.0,S2
64.63,7419.0,S2
63.77,7429.0,S2
65.0,7439.0,S2
67.98,7449.0,S2
70.97,7459.0,S2
72.6,7469.0,S2
74.8,7479.0,S2
76.28,7489.0,S2
74.23,7499.0,S2
71.25,7509.0,S2
69.92,7519.0,S2
69.13,7529.0,S2
69.17,7539.0,S2
70.35,7549.0,S2
73.92,7559.0,S2
74.95,7569.0,S2
75.5,7579.0,S2
76.23,7589.0,S2
76.32,7599.0,S2
75.93,7609.0,S2
76.75,7619.0,S2
77.52,7629.0,S2
77.47,7639.0,S2
77.25,7649.0,S2
77.42,7659.0,S2
80.08,7669.0,S2
78.6,7679.0,S2
76.0,7689.0,S2
72.77,7699.0,S2
70.35,7709.0,S2
68.0,7719.0,S2
63.95,7729.0,S2
60.78,7739.0,S2
60.32,7749.0,S2
61.0,7759.0,S2
61.32,7769.0,S2
61.05,7779.0,S2
61.8,7789.0,S2
62.03,7799.0,S2
63.17,7809.0,S2
63.5,7819.0,S2
64.03,7829.0,S2
71.53,7839.0,S2
74.17,7849.0,S2
80.72,7859.0,S2
97.2,4.0,S3
78.2,14.0,S3
71.52,24.0,S3
71.97,34.0,S3
73.69,44.0,S3
75.71,54.0,S3
76.5,64.0,S3
81.12,74.0,S3
85.97,84.0,S3
89.03,94.0,S3
90.48,104.0,S3
90.92,114.0,S3
86.67,124.0,S3
81.73,134.0,S3
78.03,144.0,S3
74.33,154.0,S3
70.12,164.0,S3
65.82,174.0,S3
65.2,184.0,S3
64.27,194.0,S3
63.52,204.0,S3
63.58,214.0,S3
64.38,224.0,S3
66.2,234.0,S3
67.33,244.0,S3
67.63,254.0,S3
67.05,264.0,S3
67.05,274.0,S3
66.53,284.0,S3
64.67,294.0,S3
64.1,304.0,S3
65.38,314.0,S3
67.07,324.0,S3
65.77,334.0,S3
65.05,344.0,S3
65.83,354.0,S3
65.6,364.0,S3
64.68,374.0,S3
63.95,384.0,S3
63.62,394.0,S3
63.68,404.0,S3
62.8,414.0,S3
62.97,424.0,S3
62.68,434.0,S3
62.67,444.0,S3
63.55,454.0,S3
64.48,464.0,S3
66.83,474.0,S3
67.22,484.0,S3
67.05,494.0,S3
66.85,504.0,S3
67.18,514.0,S3
67.57,524.0,S3
67.38,534.0,S3
68.7,544.0,S3
68.58,554.0,S3
68.03,564.0,S3
67.75,574.0,S3
67.82,584.0,S3
66.88,594.0,S3
65.5,604.0,S3
65.57,614.0,S3
66.22,624.0,S3
67.13,634.0,S3
67.52,644.0,S3
67.48,654.0,S3
67.92,664.0,S3
68.55,674.0,S3
69.32,684.0,S3
69.17,694.0,S3
67.9,704.0,S3
67.77,714.0,S3
67.52,724.0,S3
66.93,734.0,S3
65.33,744.0,S3
63.33,754.0,S3
62.55,764.0,S3
61.5,774.0,S3
60.83,784.0,S3
61.22,794.0,S3
63.17,804.0,S3
68.0,814.0,S3
73.62,824.0,S3
78.12,834.0,S3
80.88,844.0,S3
80.37,854.0,S3
79.1,864.0,S3
75.03,874.0,S3
69.98,884.0,S3
65.67,894.0,S3
63.77,904.0,S3
65.2,914.0,S3
65.92,924.0,S3
67.3,934.0,S3
69.32,944.0,S3
71.37,954.0,S3
74.05,964.0,S3
73.88,974.0,S3
74.25,984.0,S3
76.4,994.0,S3
76.45,1004.0,S3
73.92,1014.0,S3
69.22,1024.0,S3
69.98,1034.0,S3
69.7,1044.0,S3
71.47,1054.0,S3
75.93,1064.0,S3
80.18,1074.0,S3
81.3,1084.0,S3
81.45,1094.0,S3
84.53,1104.0,S3
85.95,1114.0,S3
84.75,1124.0,S3
82.6,1134.0,S3
84.38,1144.0,S3
83.83,1154.0,S3
80.38,1164.0,S3
74.6,1174.0,S3
69.55,1184.0,S3
69.07,1194.0,S3
67.98,1204.0,S3
67.0,1214.0,S3
68.07,1224.0,S3
69.2,1234.0,S3
71.82,1244.0,S3
73.27,1254.0,S3
73.1,1264.0,S3
73.23,1274.0,S3
71.6,1284.0,S3
70.98,1294.0,S3
69.75,1304.0,S3
68.05,1314.0,S3
68.8,1324.0,S3
67.42,1334.0,S3
67.57,1344.0,S3
66.67,1354.0,S3
65.85,1364.0,S3
68.3,1374.0,S3
69.38,1384.0,S3
71.55,1394.0,S3
72.12,1404.0,S3
73.37,1414.0,S3
73.2,1424.0,S3
71.33,1434.0,S3
70.83,1444.0,S3
70.47,1454.0,S3
72.17,1464.0,S3
70.12,1474.0,S3
67.78,1484.0,S3
65.02,1494.0,S3
61.68,1504.0,S3
59.73,1514.0,S3
59.75,1524.0,S3
61.15,1534.0,S3
63.05,1544.0,S3
64.83,1554.0,S3
67.33,1564.0,S3
68.47,1574.0,S3
65.48,1584.0,S3
62.78,1594.0,S3
61.2,1604.0,S3
59.02,1614.0,S3
56.03,1624.0,S3
54.42,1634.0,S3
53.3,1644.0,S3
53.73,1654.0,S3
53.08,1664.0,S3
53.42,1674.0,S3
53.48,1684.0,S3
53.68,1694.0,S3
53.73,1704.0,S3
53.47,1714.0,S3
53.78,1724.0,S3
53.7,1734.0,S3
54.92,1744.0,S3
56.22,1754.0,S3
57.55,1764.0,S3
58.25,1774.0,S3
61.23,1784.0,S3
62.65,1794.0,S3
61.53,1804.0,S3
59.82,1814.0,S3
58.77,1824.0,S3
58.98,1834.0,S3
57.27,1844.0,S3
56.3,1854.0,S3
56.3,1864.0,S3
56.25,1874.0,S3
55.88,1884.0,S3
56.55,1894.0,S3
56.8,1904.0,S3
58.03,1914.0,S3
58.6,1924.0,S3
59.67,1934.0,S3
62.6,1944.0,S3
65.5,1954.0,S3
66.78,1964.0,S3
65.25,1974.0,S3
64.85,1984.0,S3
63.82,1994.0,S3
60.43,2004.0,S3
55.43,2014.0,S3
55.18,2024.0,S3
56.82,2034.0,S3
59.12,2044.0,S3
61.88,2054.0,S3
63.62,2064.0,S3
63.95,2074.0,S3
61.42,2084.0,S3
59.63,2094.0,S3
57.72,2104.0,S3
55.45,2114.0,S3
55.32,2124.0,S3
55.23,2134.0,S3
55.4,2144.0,S3
55.0,2154.0,S3
54.63,2164.0,S3
54.98,2174.0,S3
53.57,2184.0,S3
53.52,2194.0,S3
53.35,2204.0,S3
53.67,2214.0,S3
54.43,2224.0,S3
58.4,2234.0,S3
59.5,2244.0,S3
59.13,2254.0,S3
59.27,2264.0,S3
59.65,2274.0,S3
58.7,2284.0,S3
53.33,2294.0,S3
52.73,2304.0,S3
55.5,2314.0,S3
59.12,2324.0,S3
60.33,2334.0,S3
60.07,2344.0,S3
61.22,2354.0,S3
60.87,2364.0,S3
59.65,2374.0,S3
56.1,2384.0,S3
55.2,2394.0,S3
56.65,2404.0,S3
58.33,2414.0,S3
59.08,2424.0,S3
58.35,2434.0,S3
60.07,2444.0,S3
59.27,2454.0,S3
58.73,2464.0,S3
56.57,2474.0,S3
55.8,2484.0,S3
55.35,2494.0,S3
53.33,2504.0,S3
53.55,2514.0,S3
52.5,2524.0,S3
52.28,2534.0,S3
52.2,2544.0,S3
52.22,2554.0,S3
52.37,2564.0,S3
52.3,2574.0,S3
54.45,2584.0,S3
57.88,2594.0,S3
61.75,2604.0,S3
65.28,2614.0,S3
66.87,2624.0,S3
67.35,2634.0,S3
65.92,2644.0,S3
63.25,2654.0,S3
59.63,2664.0,S3
56.63,2674.0,S3
55.15,2684.0,S3
55.47,2694.0,S3
56.0,2704.0,S3
56.02,2714.0,S3
57.13,2724.0,S3
61.03,2734.0,S3
63.82,2744.0,S3
65.38,2754.0,S3
63.98,2764.0,S3
63.77,2774.0,S3
64.7,2784.0,S3
64.92,2794.0,S3
66.38,2804.0,S3
67.9,2814.0,S3
69.05,2824.0,S3
69.47,2834.0,S3
70.87,2844.0,S3
71.5,2854.0,S3
72.87,2864.0,S3
73.73,2874.0,S3
76.55,2884.0,S3
76.92,2894.0,S3
75.57,2904.0,S3
72.05,2914.0,S3
68.07,2924.0,S3
64.28,2934.0,S3
62.98,2944.0,S3
65.05,2954.0,S3
68.37,2964.0,S3
75.08,2974.0,S3
82.43,2984.0,S3
90.38,2994.0,S3
96.92,3004.0,S3
101.78,3014.0,S3
105.4,3024.0,S3
107.38,3034.0,S3
107.02,3044.0,S3
106.82,3054.0,S3
105.38,3064.0,S3
105.47,3074.0,S3
105.85,3084.0,S3
103.78,3094.0,S3
105.38,3104.0,S3
106.87,3114.0,S3
105.78,3124.0,S3
101.3,3134.0,S3
94.2,3144.0,S3
86.98,3154.0,S3
77.0,3164.0,S3
67.15,3174.0,S3
61.18,3184.0,S3
57.47,3194.0,S3
55.87,3204.0,S3
55.03,3214.0,S3
55.02,3224.0,S3
54.77,3234.0,S3
54.98,3244.0,S3
55.22,3254.0,S3
55.05,3264.0,S3
55.85,3274.0,S3
58.08,3284.0,S3
61.43,3294.0,S3
65.7,3304.0,S3
71.0,3314.0,S3
78.95,3324.0,S3
85.07,3334.0,S3
88.88,3344.0,S3
90.48,3354.0,S3
89.57,3364.0,S3
87.32,3374.0,S3
86.65,3384.0,S3
87.37,3394.0,S3
88.3,3404.0,S3
92.62,3414.0,S3
96.97,3424.0,S3
101.37,3434.0,S3
100.95,3444.0,S3
99.35,3454.0,S3
95.73,3464.0,S3
89.87,3474.0,S3
86.57,3484.0,S3
83.15,3494.0,S3
80.07,3504.0,S3
79.43,3514.0,S3
84.97,3524.0,S3
90.37,3534.0,S3
94.28,3544.0,S3
99.72,3554.0,S3
104.48,3564.0,S3
108.57,3574.0,S3
109.82,3584.0,S3
107.02,3594.0,S3
103.73,3604.0,S3
99.43,3614.0,S3
96.15,3624.0,S3
91.28,3634.0,S3
84.03,3644.0,S3
80.73,3654.0,S3
77.67,3664.0,S3
74.57,3674.0,S3
73.12,3684.0,S3
74.42,3694.0,S3
78.6,3704.0,S3
83.92,3714.0,S3
89.03,3724.0,S3
93.4,3734.0,S3
94.37,3744.0,S3
94.18,3754.0,S3
94.5,3764.0,S3
93.03,3774.0,S3
93.75,3784.0,S3
92.27,3794.0,S3
91.73,3804.0,S3
93.07,3814.0,S3
90.48,3824.0,S3
89.38,3834.0,S3
86.0,3844.0,S3
86.32,3854.0,S3
86.25,3864.0,S3
79.65,3874.0,S3
77.13,3884.0,S3
75.88,3894.0,S3
76.65,3904.0,S3
76.68,3914.0,S3
76.03,3924.0,S3
77.28,3934.0,S3
75.7,3944.0,S3
73.57,3954.0,S3
69.65,3964.0,S3
64.93,3974.0,S3
60.45,3984.0,S3
61.43,3994.0,S3
64.72,4004.0,S3
66.82,4014.0,S3
69.07,4024.0,S3
71.53,4034.0,S3
73.5,4044.0,S3
71.4,4054.0,S3
67.35,4064.0,S3
63.25,4074.0,S3
59.13,4084.0,S3
56.12,4094.0,S3
55.3,4104.0,S3
55.32,4114.0,S3
56.27,4124.0,S3
55.82,4134.0,S3
56.35,4144.0,S3
56.08,4154.0,S3
56.25,4164.0,S3
56.22,4174.0,S3
55.92,4184.0,S3
56.62,4194.0,S3
57.02,4204.0,S3
57.92,4214.0,S3
58.1,4224.0,S3
57.77,4234.0,S3
58.63,4244.0,S3
60.1,4254.0,S3
62.95,4264.0,S3
64.4,4274.0,S3
64.98,4284.0,S3
65.62,4294.0,S3
64.85,4304.0,S3
63.95,4314.0,S3
61.67,4324.0,S3
60.03,4334.0,S3
59.02,4344.0,S3
58.3,4354.0,S3
58.35,4364.0,S3
59.02,4374.0,S3
59.58,4384.0,S3
61.7,4394.0,S3
64.47,4404.0,S3
68.68,4414.0,S3
73.68,4424.0,S3
76.65,4434.0,S3
77.38,4444.0,S3
76.27,4454.0,S3
74.98,4464.0,S3
72.7,4474.0,S3
70.53,4484.0,S3
69.62,4494.0,S3
69.85,4504.0,S3
69.27,4514.0,S3
69.15,4524.0,S3
67.97,4534.0,S3
65.08,4544.0,S3
62.57,4554.0,S3
63.18,4564.0,S3
65.15,4574.0,S3
65.72,4584.0,S3
68.73,4594.0,S3
72.57,4604.0,S3
74.1,4614.0,S3
74.18,4624.0,S3
75.0,4634.0,S3
77.32,4644.0,S3
78.07,4654.0,S3
77.73,4664.0,S3
78.32,4674.0,S3
78.98,4684.0,S3
78.72,4694.0,S3
73.73,4704.0,S3
70.3,4714.0,S3
66.13,4724.0,S3
63.15,4734.0,S3
59.33,4744.0,S3
55.12,4754.0,S3
54.95,4764.0,S3
53.15,4774.0,S3
53.47,4784.0,S3
54.25,4794.0,S3
58.73,4804.0,S3
65.27,4814.0,S3
69.97,4824.0,S3
73.58,4834.0,S3
75.6,4844.0,S3
74.28,4854.0,S3
69.22,4864.0,S3
62.63,4874.0,S3
58.13,4884.0,S3
56.32,4894.0,S3
61.15,4904.0,S3
67.65,4914.0,S3
71.55,4924.0,S3
71.82,4934.0,S3
72.12,4944.0,S3
74.15,4954.0,S3
73.63,4964.0,S3
70.05,4974.0,S3
66.1,4984.0,S3
66.12,4994.0,S3
66.98,5004.0,S3
65.53,5014.0,S3
61.63,5024.0,S3
58.68,5034.0,S3
58.77,5044.0,S3
59.53,5054.0,S3
60.72,5064.0,S3
61.98,5074.0,S3
60.28,5084.0,S3
60.07,5094.0,S3
60.3,5104.0,S3
59.35,5114.0,S3
56.47,5124.0,S3
52.32,5134.0,S3
50.57,5144.0,S3
50.63,5154.0,S3
51.0,5164.0,S3
53.47,5174.0,S3
55.03,5184.0,S3
55.38,5194.0,S3
55.98,5204.0,S3
56.6,5214.0,S3
55.28,5224.0,S3
58.5,5234.0,S3
60.72,5244.0,S3
60.78,5254.0,S3
61.13,5264.0,S3
64.0,5274.0,S3
67.43,5284.0,S3
64.78,5294.0,S3
65.78,5304.0,S3
70.82,5314.0,S3
74.17,5324.0,S3
75.43,5334.0,S3
78.97,5344.0,S3
80.57,5354.0,S3
80.6,5364.0,S3
80.57,5374.0,S3
79.27,5384.0,S3
74.08,5394.0,S3
67.72,5404.0,S3
62.85,5414.0,S3
57.6,5424.0,S3
52.4,5434.0,S3
50.22,5444.0,S3
50.82,5454.0,S3
51.17,5464.0,S3
52.18,5474.0,S3
52.57,5484.0,S3
52.53,5494.0,S3
51.28,5504.0,S3
50.8,5514.0,S3
50.43,5524.0,S3
49.85,5534.0,S3
50.1,5544.0,S3
50.83,5554.0,S3
51.85,5564.0,S3
53.17,5574.0,S3
53.62,5584.0,S3
54.67,5594.0,S3
54.45,5604.0,S3
54.23,5614.0,S3
53.85,5624.0,S3
53.02,5634.0,S3
52.35,5644.0,S3
51.35,5654.0,S3
51.68,5664.0,S3
52.08,5674.0,S3
52.18,5684.0,S3
52.65,5694.0,S3
53.27,5704.0,S3
54.52,5714.0,S3
55.12,5724.0,S3
55.23,5734.0,S3
55.3,5744.0,S3
55.63,5754.0,S3
56.88,5764.0,S3
56.67,5774.0,S3
56.72,5784.0,S3
58.02,5794.0,S3
64.32,5804.0,S3
73.03,5814.0,S3
82.07,5824.0,S3
90.85,5834.0,S3
99.93,5844.0,S3
106.08,5854.0,S3
102.25,5864.0,S3
98.07,5874.0,S3
94.08,5884.0,S3
92.2,5894.0,S3
91.75,5904.0,S3
92.5,5914.0,S3
99.9,5924.0,S3
103.8,5934.0,S3
107.18,5944.0,S3
111.1,5954.0,S3
114.52,5964.0,S3
112.75,5974.0,S3
102.52,5984.0,S3
93.37,5994.0,S3
84.1,6004.0,S3
73.17,6014.0,S3
61.2,6024.0,S3
59.17,6034.0,S3
65.9,6044.0,S3
73.0,6054.0,S3
81.77,6064.0,S3
93.02,6074.0,S3
105.25,6084.0,S3
111.7,6094.0,S3
117.05,6104.0,S3
120.75,6114.0,S3
121.02,6124.0,S3
117.17,6134.0,S3
111.28,6144.0,S3
105.15,6154.0,S3
98.78,6164.0,S3
92.95,6174.0,S3
86.43,6184.0,S3
79.6,6194.0,S3
74.88,6204.0,S3
72.63,6214.0,S3
68.9,6224.0,S3
64.58,6234.0,S3
61.27,6244.0,S3
61.02,6254.0,S3
60.03,6264.0,S3
61.12,6274.0,S3
62.77,6284.0,S3
65.2,6294.0,S3
66.27,6304.0,S3
65.75,6314.0,S3
65.92,6324.0,S3
61.83,6334.0,S3
58.17,6344.0,S3
55.17,6354.0,S3
54.55,6364.0,S3
54.25,6374.0,S3
54.43,6384.0,S3
55.63,6394.0,S3
56.72,6404.0,S3
57.52,6414.0,S3
57.37,6424.0,S3
57.0,6434.0,S3
55.63,6444.0,S3
54.23,6454.0,S3
53.75,6464.0,S3
54.93,6474.0,S3
58.22,6484.0,S3
61.65,6494.0,S3
64.15,6504.0,S3
66.03,6514.0,S3
66.43,6524.0,S3
64.97,6534.0,S3
63.38,6544.0,S3
64.15,6554.0,S3
65.08,6564.0,S3
65.93,6574.0,S3
69.03,6584.0,S3
71.83,6594.0,S3
72.93,6604.0,S3
71.92,6614.0,S3
70.07,6624.0,S3
68.6,6634.0,S3
65.7,6644.0,S3
64.45,6654.0,S3
64.53,6664.0,S3
64.22,6674.0,S3
64.5,6684.0,S3
65.57,6694.0,S3
65.32,6704.0,S3
66.38,6714.0,S3
68.4,6724.0,S3
71.18,6734.0,S3
74.68,6744.0,S3
79.45,6754.0,S3
86.57,6764.0,S3
92.78,6774.0,S3
92.92,6784.0,S3
86.97,6794.0,S3
80.97,6804.0,S3
73.68,6814.0,S3
65.45,6824.0,S3
56.25,6834.0,S3
51.8,6844.0,S3
51.95,6854.0,S3
53.35,6864.0,S3
59.98,6874.0,S3
68.28,6884.0,S3
77.97,6894.0,S3
88.98,6904.0,S3
103.12,6914.0,S3
114.13,6924.0,S3
121.28,6934.0,S3
126.7,6944.0,S3
127.37,6954.0,S3
124.75,6964.0,S3
111.2,6974.0,S3
98.9,6984.0,S3
84.75,6994.0,S3
76.67,7004.0,S3
66.35,7014.0,S3
57.03,7024.0,S3
56.37,7034.0,S3
56.28,7044.0,S3
56.77,7054.0,S3
51.37,7064.0,S3
51.78,7074.0,S3
51.73,7084.0,S3
52.08,7094.0,S3
52.07,7104.0,S3
52.1,7114.0,S3
52.02,7124.0,S3
51.4,7134.0,S3
53.83,7144.0,S3
55.23,7154.0,S3
55.75,7164.0,S3
56.25,7174.0,S3
56.92,7184.0,S3
56.85,7194.0,S3
55.47,7204.0,S3
54.82,7214.0,S3
54.67,7224.0,S3
55.85,7234.0,S3
55.75,7244.0,S3
56.55,7254.0,S3
55.6,7264.0,S3
55.55,7274.0,S3
55.68,7284.0,S3
54.8,7294.0,S3
55.63,7304.0,S3
58.25,7314.0,S3
60.92,7324.0,S3
60.08,7334.0,S3
59.37,7344.0,S3
58.98,7354.0,S3
58.28,7364.0,S3
55.53,7374.0,S3
52.73,7384.0,S3
52.23,7394.0,S3
52.53,7404.0,S3
51.78,7414.0,S3
50.77,7424.0,S3
53.45,7434.0,S3
55.7,7444.0,S3
57.67,7454.0,S3
62.68,7464.0,S3
66.57,7474.0,S3
71.67,7484.0,S3
72.85,7494.0,S3
74.58,7504.0,S3
76.12,7514.0,S3
75.38,7524.0,S3
76.58,7534.0,S3
79.0,7544.0,S3
82.82,7554.0,S3
87.35,7564.0,S3
94.48,7574.0,S3
98.65,7584.0,S3
101.6,7594.0,S3
102.12,7604.0,S3
101.9,7614.0,S3
101.92,7624.0,S3
98.35,7634.0,S3
96.92,7644.0,S3
96.17,7654.0,S3
91.78,7664.0,S3
83.75,7674.0,S3
76.75,7684.0,S3
73.13,7694.0,S3
70.88,7704.0,S3
